{"CH4":0.0020083930741001004,"FC":0.8932138431853676,"PM":0.011962042560348647,"NOx":0.17729470306127745,"VOC":0.043062841928867744,"CO":0.43103364313460063,"N2O":0.0,"NH3":0.0}